{
    "criteria": {
        "activation": {
            "trigger": "minecraft:tick",
            "conditions": {
                "player": [
                    {
                        "condition": "minecraft:entity_scores",
                        "entity": "this",
                        "scores": {
                            "actimeCounter": {
                                "min": 3600
                            }
                        }
                    }
                ]
            }
        }
    },
    "rewards": {
        "function": "fz:scoreboards/activation/calculator"
    }
}