{
    "criteria": {
        "activation": {
            "trigger": "minecraft:tick",
            "conditions": {
                "player": [
                    {
                        "condition": "minecraft:entity_scores",
                        "entity": "this",
                        "scores": {
                            "fz.aviateCounter": {
                                "min": 200
                            }
                        }
                    }
                ]
            }
        }
    },
    "rewards": {
        "function": "fz:scoreboards/aviate1m/calculator"
    }
}