{
    "criteria": {
        "damage_taken": {
            "trigger": "minecraft:tick",
            "conditions": {
                "player": [
                    {
                        "condition": "minecraft:entity_scores",
                        "entity": "this",
                        "scores": {
                            "fz.bbl": {
                                "min": 1
                            }
                        }
                    }
                ]
            }
        }
    },
    "rewards": {
        "function": "fz:scoreboards/bedrockbreaked/calculator"
    }
}